food_id,name,volume,weight,calories,category,timestamp,carb,fat,protein,ca,p,k,fe,zn
11013007,시금치나물,553.36,100.0,75.02,Q4,2024-12-22 15:06:30,7.64,4.74,4.14,75.18,49.1,622.52,3.54,0.8
7014001,달걀말이,792.1,180.0,310.03,Q3,2024-12-22 15:06:30,8.41,20.21,21.67,89.35,304.74,361.58,2.83,2.5
11013007,시금치나물,11.89,100.0,75.02,Q4,2024-12-22 15:17:24,7.64,4.74,4.14,75.18,49.1,622.52,3.54,0.8
4011011,어묵국,56.34,100.0,42.02,Q1,2024-12-22 15:21:01,6.19,0.7,3.81,99.88,78.01,282.71,1.13,0.46
11013007,시금치나물,15.1,100.0,75.02,Q4,2024-12-22 15:21:01,7.64,4.74,4.14,75.18,49.1,622.52,3.54,0.8
7014001,달걀말이,964.56,100.0,172.24,Q2,2024-12-22 15:21:01,4.67,11.23,12.04,49.64,169.3,200.88,1.57,1.39
11013007,시금치나물,282.54,100.0,75.02,Q4,2024-12-22 15:26:50,7.64,4.74,4.14,75.18,49.1,622.52,3.54,0.8
7014001,달걀말이,929.94,100.0,172.24,Q2,2024-12-22 15:26:50,4.67,11.23,12.04,49.64,169.3,200.88,1.57,1.39
7014001,달걀말이,891.97,100.0,172.24,Q2,2024-12-22 15:28:15,4.67,11.23,12.04,49.64,169.3,200.88,1.57,1.39
11013007,시금치나물,550.44,100.0,75.02,Q4,2024-12-22 15:28:15,7.64,4.74,4.14,75.18,49.1,622.52,3.54,0.8
11013007,시금치나물,3.38,100.0,75.02,Q4,2024-12-22 15:31:57,7.64,4.74,4.14,75.18,49.1,622.52,3.54,0.8
11013007,시금치나물,18.69,100.0,75.02,Q4,2024-12-22 15:32:08,7.64,4.74,4.14,75.18,49.1,622.52,3.54,0.8
11013007,시금치나물,25.98,100.0,75.02,Q4,2024-12-22 15:34:06,7.64,4.74,4.14,75.18,49.1,622.52,3.54,0.8
7014001,달걀말이,34.75,50.0,86.12,Q1,2024-12-22 15:34:28,2.33,5.62,6.02,24.82,84.65,100.44,0.79,0.69
11013007,시금치나물,11.06,20.0,15.0,Q1,2024-12-22 15:34:28,1.53,0.95,0.83,15.04,9.82,124.5,0.71,0.16
11013007,시금치나물,6.86,100.0,75.02,Q4,2024-12-22 15:34:37,7.64,4.74,4.14,75.18,49.1,622.52,3.54,0.8
7014001,달걀말이,24.31,100.0,172.24,Q2,2024-12-22 15:34:37,4.67,11.23,12.04,49.64,169.3,200.88,1.57,1.39
7014001,달걀말이,767.38,50.0,86.12,Q1,2024-12-22 15:37:09,2.33,5.62,6.02,24.82,84.65,100.44,0.79,0.69
11013007,시금치나물,474.36,50.0,37.51,Q2,2024-12-22 15:37:09,3.82,2.37,2.07,37.59,24.55,311.26,1.77,0.4
11013007,시금치나물,15.93,20.0,15.0,Q1,2024-12-22 15:37:52,1.53,0.95,0.83,15.04,9.82,124.5,0.71,0.16
7014001,달걀말이,760.84,13.0,22.39,Q1,2024-12-22 15:37:52,0.61,1.46,1.57,6.45,22.01,26.11,0.2,0.18
4011011,어묵국,53.72,13.0,5.46,Q1,2024-12-22 15:37:52,0.81,0.09,0.5,12.98,10.14,36.75,0.15,0.06
11013007,시금치나물,12.33,120.0,90.02,Q4,2024-12-22 15:40:36,9.17,5.69,4.97,90.22,58.92,747.02,4.25,0.96
11013007,시금치나물,23.06,10.0,7.5,Q1,2024-12-22 15:41:48,0.76,0.47,0.41,7.52,4.91,62.25,0.35,0.08
11013007,시금치나물,15.12,100.0,75.02,Q4,2024-12-22 15:43:05,7.64,4.74,4.14,75.18,49.1,622.52,3.54,0.8
11013007,시금치나물,11.85,100.0,75.02,Q4,2024-12-22 15:46:19,7.64,4.74,4.14,75.18,49.1,622.52,3.54,0.8
11013007,시금치나물,23.71,10.0,7.5,Q1,2024-12-22 15:46:34,0.76,0.47,0.41,7.52,4.91,62.25,0.35,0.08
11013007,시금치나물,7.88,50.0,37.51,Q2,2024-12-22 15:48:25,3.82,2.37,2.07,37.59,24.55,311.26,1.77,0.4
11013007,시금치나물,11.71,10.0,7.5,Q1,2024-12-22 15:48:59,0.76,0.47,0.41,7.52,4.91,62.25,0.35,0.08
11013007,시금치나물,8.49,100.0,75.02,Q4,2024-12-22 15:51:36,7.64,4.74,4.14,75.18,49.1,622.52,3.54,0.8
11013007,시금치나물,51.89,10.0,7.5,Q1,2024-12-22 15:51:45,0.76,0.47,0.41,7.52,4.91,62.25,0.35,0.08
11013007,시금치나물,6.8,100.0,75.02,Q4,2024-12-22 15:56:53,7.64,4.74,4.14,75.18,49.1,622.52,3.54,0.8
11013007,시금치나물,18.16,100.0,75.02,Q4,2024-12-22 15:57:02,7.64,4.74,4.14,75.18,49.1,622.52,3.54,0.8
11013007,시금치나물,27.05,90.0,67.52,Q3,2024-12-22 16:20:43,6.88,4.27,3.73,67.66,44.19,560.27,3.19,0.72
11013007,시금치나물,29.99,80.0,60.02,Q3,2024-12-22 16:21:49,6.11,3.79,3.31,60.14,39.28,498.02,2.83,0.64
11013007,시금치나물,19.18,130.0,97.53,Q5,2024-12-22 16:21:55,9.93,6.16,5.38,97.73,63.83,809.28,4.6,1.04
11013007,시금치나물,5.04,100.0,75.02,Q4,2024-12-22 16:25:07,7.64,4.74,4.14,75.18,49.1,622.52,3.54,0.8
11013007,시금치나물,14.93,100.0,75.02,Q4,2024-12-22 16:25:11,7.64,4.74,4.14,75.18,49.1,622.52,3.54,0.8
11013007,시금치나물,17.33,100.0,75.02,Q4,2024-12-22 16:40:23,7.64,4.74,4.14,75.18,49.1,622.52,3.54,0.8
11013007,시금치나물,316.48,100.0,75.02,Q4,2024-12-22 16:43:08,7.64,4.74,4.14,75.18,49.1,622.52,3.54,0.8
11013007,시금치나물,10.09,100.0,75.02,Q4,2024-12-22 16:43:14,7.64,4.74,4.14,75.18,49.1,622.52,3.54,0.8
11013007,시금치나물,39.58,100.0,75.02,Q4,2024-12-22 16:44:15,7.64,4.74,4.14,75.18,49.1,622.52,3.54,0.8
11013007,시금치나물,27.77,0.0,0.0,Q1,2024-12-22 16:46:35,0.0,0.0,0.0,0.0,0.0,0.0,0.0,0.0
11013007,시금치나물,55.28,100.0,75.02,Q4,2024-12-22 16:46:55,7.64,4.74,4.14,75.18,49.1,622.52,3.54,0.8
11013007,시금치나물,78.31,100.0,75.02,Q4,2024-12-22 16:47:34,7.64,4.74,4.14,75.18,49.1,622.52,3.54,0.8
11013007,시금치나물,23.33,0.0,0.0,Q1,2024-12-22 16:49:07,0.0,0.0,0.0,0.0,0.0,0.0,0.0,0.0
11013007,시금치나물,17.41,100.0,75.02,Q4,2024-12-22 16:49:11,7.64,4.74,4.14,75.18,49.1,622.52,3.54,0.8
11013007,시금치나물,33.7,100.0,75.02,Q4,2024-12-22 16:51:09,7.64,4.74,4.14,75.18,49.1,622.52,3.54,0.8
7014001,달걀말이,643.56,100.0,172.24,Q2,2024-12-22 16:51:09,4.67,11.23,12.04,49.64,169.3,200.88,1.57,1.39
6012004,떡갈비,668.08,0.0,0.0,Q1,2024-12-22 16:54:08,0.0,0.0,0.0,0.0,0.0,0.0,0.0,0.0
7014001,달걀말이,712.9,0.0,0.0,Q1,2024-12-22 16:54:08,0.0,0.0,0.0,0.0,0.0,0.0,0.0,0.0
7014001,달걀말이,776.54,20.0,34.45,Q1,2024-12-22 16:54:14,0.93,2.25,2.41,9.93,33.86,40.18,0.31,0.28
6012004,떡갈비,698.26,20.0,61.04,Q1,2024-12-22 16:54:14,2.13,4.13,3.45,2.09,32.94,73.25,0.26,0.69
7014001,달걀말이,853.06,20.0,34.45,Q1,2024-12-22 16:55:58,0.93,2.25,2.41,9.93,33.86,40.18,0.31,0.28
7014001,달걀말이,717.5,10.0,17.22,Q1,2024-12-22 16:56:37,0.47,1.12,1.2,4.96,16.93,20.09,0.16,0.14
6012004,떡갈비,829.22,10.0,30.52,Q1,2024-12-22 16:56:37,1.06,2.06,1.72,1.05,16.47,36.63,0.13,0.35
7014001,달걀말이,576.79,0.0,0.0,Q1,2024-12-22 16:58:53,0.0,0.0,0.0,0.0,0.0,0.0,0.0,0.0
6012004,떡갈비,1333.68,0.0,0.0,Q1,2024-12-22 16:58:53,0.0,0.0,0.0,0.0,0.0,0.0,0.0,0.0
7014001,달걀말이,19.43,10.0,17.22,Q1,2024-12-22 16:58:59,0.47,1.12,1.2,4.96,16.93,20.09,0.16,0.14
6012004,떡갈비,750.94,10.0,30.52,Q1,2024-12-22 16:58:59,1.06,2.06,1.72,1.05,16.47,36.63,0.13,0.35
7014001,달걀말이,50.71,100.0,172.24,Q2,2024-12-22 18:59:42,4.67,11.23,12.04,49.64,169.3,200.88,1.57,1.39
7014001,달걀말이,850.5,50.0,86.12,Q1,2024-12-22 19:11:03,2.33,5.62,6.02,24.82,84.65,100.44,0.79,0.69
7014001,달걀말이,62.05,50.0,86.12,Q1,2024-12-22 19:13:59,2.33,5.62,6.02,24.82,84.65,100.44,0.79,0.69
7014001,달걀말이,62.52,50.0,86.12,Q1,2024-12-22 19:15:52,2.33,5.62,6.02,24.82,84.65,100.44,0.79,0.69
7014001,달걀말이,888.89,50.0,86.12,Q1,2024-12-22 19:17:07,2.33,5.62,6.02,24.82,84.65,100.44,0.79,0.69
7014001,달걀말이,57.77,50.0,86.12,Q1,2024-12-22 19:45:49,2.33,5.62,6.02,24.82,84.65,100.44,0.79,0.69
7014001,달걀말이,58.71,30.0,51.67,Q1,2024-12-22 19:47:01,1.4,3.37,3.61,14.89,50.79,60.26,0.47,0.42
7014001,달걀말이,36.83,50.0,86.12,Q1,2024-12-22 19:52:02,2.33,5.62,6.02,24.82,84.65,100.44,0.79,0.69
7014001,달걀말이,38.68,30.0,51.67,Q1,2024-12-22 19:52:49,1.4,3.37,3.61,14.89,50.79,60.26,0.47,0.42
7014001,달걀말이,51.51,50.0,86.12,Q1,2024-12-22 19:53:53,2.33,5.62,6.02,24.82,84.65,100.44,0.79,0.69
7014001,달걀말이,463.77,50.0,86.12,Q1,2024-12-22 20:04:27,2.33,5.62,6.02,24.82,84.65,100.44,0.79,0.69
1011001,쌀밥,200.0,100.0,159.43,Q1,2024-12-22 20:16:19,35.1,0.21,2.74,1.71,60.0,69.86,0.17,0.64
6012004,떡갈비,421.08,50.0,152.6,Q1,2024-12-22 20:36:23,5.32,10.32,8.62,5.24,82.35,183.14,0.65,1.73
7014001,달걀말이,275.3,45.0,77.51,Q1,2024-12-22 20:39:39,2.1,5.05,5.42,22.34,76.19,90.4,0.71,0.63
6012004,떡갈비,606.75,60.0,183.12,Q1,2024-12-22 20:39:39,6.39,12.38,10.34,6.28,98.82,219.76,0.78,2.08
6012004,떡갈비,271.83,12.0,36.62,Q1,2024-12-22 20:41:35,1.28,2.48,2.07,1.26,19.76,43.95,0.16,0.42
7014001,달걀말이,833.42,50.0,86.12,Q1,2024-12-22 20:41:35,2.33,5.62,6.02,24.82,84.65,100.44,0.79,0.69
7014001,달걀말이,24.9,50.0,86.12,Q1,2024-12-22 20:44:46,2.33,5.62,6.02,24.82,84.65,100.44,0.79,0.69
6012004,떡갈비,5.69,50.0,152.6,Q1,2024-12-22 20:44:46,5.32,10.32,8.62,5.24,82.35,183.14,0.65,1.73
7014001,달걀말이,820.8,50.0,86.12,Q1,2024-12-22 20:50:10,2.33,5.62,6.02,24.82,84.65,100.44,0.79,0.69
6012004,떡갈비,170.19,50.0,152.6,Q1,2024-12-22 20:50:10,5.32,10.32,8.62,5.24,82.35,183.14,0.65,1.73
6012004,떡갈비,490.26,50.0,152.6,Q1,2024-12-22 20:52:51,5.32,10.32,8.62,5.24,82.35,183.14,0.65,1.73
7014001,달걀말이,531.75,50.0,86.12,Q1,2024-12-22 20:52:51,2.33,5.62,6.02,24.82,84.65,100.44,0.79,0.69
6012004,떡갈비,75.7,50.0,152.6,Q1,2024-12-23 09:40:25,5.32,10.32,8.62,5.24,82.35,183.14,0.65,1.73
1011001,쌀밥,307.42,40.0,63.77,Q1,2024-12-23 09:40:25,14.04,0.09,1.1,0.69,24.0,27.94,0.07,0.26
7014001,달걀말이,47.96,50.0,86.12,Q1,2024-12-23 09:40:25,2.33,5.62,6.02,24.82,84.65,100.44,0.79,0.69
6012004,떡갈비,0.0,100.0,305.2,Q2,2024-12-23 09:41:26,10.64,20.63,17.24,10.47,164.7,366.27,1.3,3.46
7014001,달걀말이,0.0,100.0,172.24,Q2,2024-12-23 09:41:26,4.67,11.23,12.04,49.64,169.3,200.88,1.57,1.39
1011001,쌀밥,1.87,100.0,159.43,Q1,2024-12-23 09:41:26,35.1,0.21,2.74,1.71,60.0,69.86,0.17,0.64
7014001,달걀말이,0.0,20.0,34.45,Q1,2024-12-23 09:46:45,0.93,2.25,2.41,9.93,33.86,40.18,0.31,0.28
6012004,떡갈비,0.0,20.0,61.04,Q1,2024-12-23 09:46:45,2.13,4.13,3.45,2.09,32.94,73.25,0.26,0.69
1011001,쌀밥,1.67,20.0,31.89,Q1,2024-12-23 09:46:45,7.02,0.04,0.55,0.34,12.0,13.97,0.03,0.13
7014001,달걀말이,0.0,50.0,86.12,Q1,2024-12-23 09:47:32,2.33,5.62,6.02,24.82,84.65,100.44,0.79,0.69
1011001,쌀밥,2.5,50.0,79.71,Q1,2024-12-23 09:47:32,17.55,0.11,1.37,0.86,30.0,34.93,0.09,0.32
6012004,떡갈비,0.0,50.0,152.6,Q1,2024-12-23 09:47:32,5.32,10.32,8.62,5.24,82.35,183.14,0.65,1.73
1011001,쌀밥,3.93,200.0,318.86,Q2,2024-12-23 10:03:22,70.2,0.43,5.49,3.43,120.0,139.71,0.34,1.29
7014001,달걀말이,0.0,120.0,206.69,Q2,2024-12-23 10:03:22,5.6,13.48,14.45,59.57,203.16,241.06,1.88,1.67
7014001,달걀말이,96.61,80.0,137.79,Q1,2024-12-23 10:16:26,3.74,8.98,9.63,39.71,135.44,160.7,1.26,1.11
11013007,시금치나물,68.05,50.0,37.51,Q2,2024-12-23 11:06:27,3.82,2.37,2.07,37.59,24.55,311.26,1.77,0.4
7014001,달걀말이,105.13,50.0,86.12,Q1,2024-12-23 11:06:27,2.33,5.62,6.02,24.82,84.65,100.44,0.79,0.69
11013007,시금치나물,68.35,50.0,37.51,Q2,2024-12-23 11:21:27,3.82,2.37,2.07,37.59,24.55,311.26,1.77,0.4
7014001,달걀말이,104.97,50.0,86.12,Q1,2024-12-23 11:21:27,2.33,5.62,6.02,24.82,84.65,100.44,0.79,0.69
7014001,달걀말이,0.0,50.0,86.12,Q1,2024-12-23 17:34:55,2.33,5.62,6.02,24.82,84.65,100.44,0.79,0.69
7014001,달걀말이,0.0,20.0,34.45,Q1,2024-12-23 17:40:16,0.93,2.25,2.41,9.93,33.86,40.18,0.31,0.28
7014001,달걀말이,0.0,10.0,17.22,Q1,2024-12-23 17:53:19,0.47,1.12,1.2,4.96,16.93,20.09,0.16,0.14
7014001,달걀말이,0.06,50.0,86.12,Q1,2024-12-23 17:55:57,2.33,5.62,6.02,24.82,84.65,100.44,0.79,0.69
7014001,달걀말이,131.98,10.0,17.22,Q1,2024-12-23 17:59:01,0.47,1.12,1.2,4.96,16.93,20.09,0.16,0.14
1011001,쌀밥,7452.79,10.0,15.94,Q1,2024-12-23 20:24:17,3.51,0.02,0.27,0.17,6.0,6.99,0.02,0.06
4011005,미역국,154.0,10.0,1.0,Q1,2024-12-23 20:27:50,0.09,0.09,0.05,2.25,0.88,13.17,0.02,0.01
1011001,쌀밥,1045.23,10.0,15.94,Q1,2024-12-23 20:27:50,3.51,0.02,0.27,0.17,6.0,6.99,0.02,0.06
6012004,떡갈비,146.08,10.0,30.52,Q1,2024-12-23 20:30:46,1.06,2.06,1.72,1.05,16.47,36.63,0.13,0.35
11013007,시금치나물,64.55,10.0,7.5,Q1,2024-12-23 20:30:46,0.76,0.47,0.41,7.52,4.91,62.25,0.35,0.08
4011005,미역국,658.95,10.0,1.0,Q1,2024-12-23 20:30:46,0.09,0.09,0.05,2.25,0.88,13.17,0.02,0.01
1011001,쌀밥,2807.81,10.0,15.94,Q1,2024-12-23 20:30:46,3.51,0.02,0.27,0.17,6.0,6.99,0.02,0.06
1011001,쌀밥,2807.63,10.0,15.94,Q1,2024-12-23 20:33:04,3.51,0.02,0.27,0.17,6.0,6.99,0.02,0.06
4011005,미역국,662.19,10.0,1.0,Q1,2024-12-23 20:33:04,0.09,0.09,0.05,2.25,0.88,13.17,0.02,0.01
6012004,떡갈비,120.76,10.0,30.52,Q1,2024-12-23 20:35:20,1.06,2.06,1.72,1.05,16.47,36.63,0.13,0.35
4011011,어묵국,252.64,10.0,4.2,Q1,2024-12-23 20:35:20,0.62,0.07,0.38,9.99,7.8,28.27,0.11,0.05
4011005,미역국,637.03,10.0,1.0,Q1,2024-12-23 20:35:20,0.09,0.09,0.05,2.25,0.88,13.17,0.02,0.01
1011001,쌀밥,371.06,10.0,15.94,Q1,2024-12-23 20:35:20,3.51,0.02,0.27,0.17,6.0,6.99,0.02,0.06
11013007,시금치나물,67.73,10.0,7.5,Q1,2024-12-23 20:35:20,0.76,0.47,0.41,7.52,4.91,62.25,0.35,0.08
1011001,쌀밥,659.73,0.0,0.0,Q1,2024-12-23 20:45:00,0.0,0.0,0.0,0.0,0.0,0.0,0.0,0.0
6012004,떡갈비,137.39,0.0,0.0,Q1,2024-12-23 20:48:42,0.0,0.0,0.0,0.0,0.0,0.0,0.0,0.0
4011011,어묵국,860.64,0.0,0.0,Q1,2024-12-23 20:57:16,0.0,0.0,0.0,0.0,0.0,0.0,0.0,0.0
6012004,떡갈비,738.78,0.0,0.0,Q1,2024-12-23 21:00:55,0.0,0.0,0.0,0.0,0.0,0.0,0.0,0.0
6012004,떡갈비,713.71,0.0,0.0,Q1,2024-12-23 21:02:47,0.0,0.0,0.0,0.0,0.0,0.0,0.0,0.0
6012004,떡갈비,713.61,0.0,0.0,Q1,2024-12-23 21:03:53,0.0,0.0,0.0,0.0,0.0,0.0,0.0,0.0
6012004,떡갈비,673.03,0.0,0.0,Q1,2024-12-23 21:23:45,0.0,0.0,0.0,0.0,0.0,0.0,0.0,0.0
6012004,떡갈비,690.51,10.0,30.52,Q1,2024-12-23 21:24:57,1.06,2.06,1.72,1.05,16.47,36.63,0.13,0.35
6012004,떡갈비,685.63,10.0,30.52,Q1,2024-12-23 21:27:36,1.06,2.06,1.72,1.05,16.47,36.63,0.13,0.35
6012004,떡갈비,692.81,10.0,30.52,Q1,2024-12-23 21:31:56,1.06,2.06,1.72,1.05,16.47,36.63,0.13,0.35
6012004,떡갈비,685.83,0.0,0.0,Q1,2024-12-23 21:33:37,0.0,0.0,0.0,0.0,0.0,0.0,0.0,0.0
6012004,떡갈비,770.87,20.0,61.04,Q1,2024-12-24 10:09:24,2.13,4.13,3.45,2.09,32.94,73.25,0.26,0.69
6012004,떡갈비,797.23,20.0,61.04,Q1,2024-12-24 10:11:41,2.13,4.13,3.45,2.09,32.94,73.25,0.26,0.69
6012004,떡갈비,5.0,0.0,0.0,Q1,2024-12-24 10:37:03,0.0,0.0,0.0,0.0,0.0,0.0,0.0,0.0
6012004,떡갈비,25.13,20.0,61.04,Q1,2024-12-24 15:46:40,2.13,4.13,3.45,2.09,32.94,73.25,0.26,0.69
6012004,떡갈비,0.0,10.0,30.52,Q1,2024-12-24 19:53:47,1.06,2.06,1.72,1.05,16.47,36.63,0.13,0.35
1012006,흑미밥,0.0,10.0,15.9,Q1,2024-12-24 19:53:47,3.51,0.02,0.27,0.32,4.93,5.65,0.06,0.07
6012004,떡갈비,0.0,38.67,118.02,Q1,2024-12-24 19:59:00,4.12,7.98,6.67,4.05,63.69,141.64,0.5,1.34
1011001,쌀밥,0.0,4.64,7.4,Q1,2024-12-24 20:08:19,1.63,0.01,0.13,0.08,2.78,3.24,0.01,0.03
6012004,떡갈비,86.47,-179.88,-548.99,Q1,2024-12-24 22:38:58,-19.15,-37.11,-31.0,-18.84,-296.27,-658.85,-2.35,-6.23
7014001,달걀말이,68.1,12.16,20.94,Q1,2024-12-24 22:38:58,0.57,1.37,1.46,6.04,20.59,24.43,0.19,0.17
6012004,떡갈비,89.28,51.64,157.6,Q1,2024-12-24 22:41:41,5.5,10.65,8.9,5.41,85.05,189.14,0.67,1.79
7014001,달걀말이,67.29,2.02,3.48,Q1,2024-12-24 22:41:41,0.09,0.23,0.24,1.0,3.42,4.06,0.03,0.03
6012004,떡갈비,90.84,39.36,120.13,Q1,2024-12-24 22:46:40,4.19,8.12,6.78,4.12,64.83,144.16,0.51,1.36
7014001,달걀말이,72.42,-37.49,-64.57,Q1,2024-12-24 22:46:40,-1.75,-4.21,-4.51,-18.61,-63.47,-75.31,-0.59,-0.52
7014001,달걀말이,5.0,5.52,9.51,Q1,2024-12-24 22:52:44,0.26,0.62,0.66,2.74,9.35,11.09,0.09,0.08
6012004,떡갈비,3.0,36.07,110.08,Q1,2024-12-24 22:52:44,3.84,7.44,6.22,3.78,59.41,132.11,0.47,1.25
6012004,떡갈비,5.0,74.39,227.04,Q2,2024-12-24 22:59:34,7.92,15.35,12.82,7.79,122.52,272.47,0.97,2.58
7014001,달걀말이,3.0,2.79,4.81,Q1,2024-12-24 22:59:34,0.13,0.31,0.34,1.38,4.72,5.6,0.04,0.04
6012004,떡갈비,5.0,46.52,141.98,Q1,2024-12-24 23:04:02,4.95,9.6,8.02,4.87,76.62,170.39,0.61,1.61
7014001,달걀말이,3.0,5.49,9.46,Q1,2024-12-24 23:04:02,0.26,0.62,0.66,2.73,9.29,11.03,0.09,0.08
6012004,떡갈비,92.34,262.47,801.05,Q5,2024-12-24 23:21:10,27.94,54.15,45.24,27.49,432.3,961.35,3.42,9.09
7014001,달걀말이,71.03,-48.79,-84.04,Q1,2024-12-24 23:21:10,-2.28,-5.48,-5.87,-24.22,-82.6,-98.01,-0.77,-0.68
6012004,떡갈비,90.87,-30.25,-92.32,Q1,2024-12-24 23:27:43,-3.22,-6.24,-5.21,-3.17,-49.82,-110.8,-0.39,-1.05
7014001,달걀말이,71.27,-18.06,-31.11,Q1,2024-12-24 23:27:43,-0.84,-2.03,-2.17,-8.96,-30.58,-36.28,-0.28,-0.25
6012004,떡갈비,90.14,0.0,0.0,Q1,2024-12-25 11:38:57,0.0,0.0,0.0,0.0,0.0,0.0,0.0,0.0
7014001,달걀말이,76.62,0.0,0.0,Q1,2024-12-25 11:38:57,0.0,0.0,0.0,0.0,0.0,0.0,0.0,0.0
7014001,달걀말이,72.97,6.38,10.99,Q1,2024-12-25 11:50:10,0.3,0.72,0.77,3.17,10.8,12.82,0.1,0.09
6012004,떡갈비,89.91,0.98,2.99,Q1,2024-12-25 11:50:10,0.1,0.2,0.17,0.1,1.61,3.59,0.01,0.03
7014001,달걀말이,52.02,0.0,0.0,Q1,2024-12-25 12:30:58,0.0,0.0,0.0,0.0,0.0,0.0,0.0,0.0
6012004,떡갈비,88.11,21.64,66.04,Q1,2024-12-25 12:30:58,2.3,4.46,3.73,2.27,35.64,79.26,0.28,0.75
6012004,떡갈비,88.71,29.28,89.36,Q1,2024-12-25 13:56:14,3.12,6.04,5.05,3.07,48.23,107.24,0.38,1.01
7014001,달걀말이,70.21,9.67,16.66,Q1,2024-12-25 13:56:14,0.45,1.09,1.16,4.8,16.37,19.43,0.15,0.13
6012004,떡갈비,92.76,13.05,39.83,Q1,2024-12-25 14:00:35,1.39,2.69,2.25,1.37,21.49,47.8,0.17,0.45
7014001,달걀말이,69.56,1.79,3.08,Q1,2024-12-25 14:00:35,0.08,0.2,0.22,0.89,3.03,3.6,0.03,0.02
6012004,떡갈비,93.29,77.22,235.67,Q2,2024-12-25 14:03:03,8.22,15.93,13.31,8.09,127.18,282.84,1.01,2.67
7014001,달걀말이,71.63,6.76,11.64,Q1,2024-12-25 14:03:03,0.32,0.76,0.81,3.36,11.44,13.58,0.11,0.09
6012004,떡갈비,90.5,33.85,103.31,Q1,2024-12-25 14:16:55,3.6,6.98,5.83,3.54,55.75,123.98,0.44,1.17
7014001,달걀말이,67.48,9.92,17.09,Q1,2024-12-25 14:16:55,0.46,1.11,1.19,4.92,16.79,19.93,0.16,0.14
6012004,떡갈비,90.11,22.65,69.13,Q1,2024-12-25 14:21:08,2.41,4.67,3.9,2.37,37.31,82.96,0.3,0.78
6012004,떡갈비,91.09,9.61,29.33,Q1,2024-12-25 14:28:09,1.02,1.98,1.66,1.01,15.83,35.2,0.13,0.33
7014001,달걀말이,67.56,1.25,2.15,Q1,2024-12-25 14:28:09,0.06,0.14,0.15,0.62,2.12,2.51,0.02,0.02
6012004,떡갈비,87.58,-25.47,-77.73,Q1,2024-12-25 14:32:00,-2.71,-5.25,-4.39,-2.67,-41.95,-93.29,-0.33,-0.88
7014001,달걀말이,74.29,-0.01,-0.02,Q1,2024-12-25 14:32:00,-0.0,-0.0,-0.0,-0.0,-0.02,-0.02,-0.0,-0.0
6012004,떡갈비,154.79,2.08,6.35,Q1,2024-12-25 14:38:13,0.22,0.43,0.36,0.22,3.43,7.62,0.03,0.07
6012004,떡갈비,152.61,0.0,0.0,Q1,2024-12-25 14:41:19,0.0,0.0,0.0,0.0,0.0,0.0,0.0,0.0
7014001,달걀말이,72.79,-1.51,-2.6,Q1,2024-12-25 14:41:19,-0.07,-0.17,-0.18,-0.75,-2.56,-3.03,-0.02,-0.02
6012004,떡갈비,151.65,21.66,66.11,Q1,2024-12-25 14:50:30,2.31,4.47,3.73,2.27,35.67,79.33,0.28,0.75
7014001,달걀말이,67.77,44.52,76.68,Q1,2024-12-25 14:50:30,2.08,5.0,5.36,22.1,75.37,89.43,0.7,0.62
6012004,떡갈비,177.08,0.0,0.0,Q1,2024-12-25 15:06:00,0.0,0.0,0.0,0.0,0.0,0.0,0.0,0.0
7014001,달걀말이,73.1,1.89,3.26,Q1,2024-12-25 15:06:00,0.09,0.21,0.23,0.94,3.2,3.8,0.03,0.03
6012004,떡갈비,171.06,-0.44,-1.34,Q1,2024-12-25 15:13:27,-0.05,-0.09,-0.08,-0.05,-0.72,-1.61,-0.01,-0.02
7014001,달걀말이,73.62,4.85,8.35,Q1,2024-12-25 15:13:27,0.23,0.54,0.58,2.41,8.21,9.74,0.08,0.07
6012004,떡갈비,166.81,0.0,0.0,Q1,2024-12-25 15:15:53,0.0,0.0,0.0,0.0,0.0,0.0,0.0,0.0
7014001,달걀말이,78.95,-58.97,-101.57,Q1,2024-12-25 15:15:53,-2.75,-6.62,-7.1,-29.27,-99.84,-118.46,-0.93,-0.82
6012004,떡갈비,154.74,0.28,0.85,Q1,2024-12-25 15:20:13,0.03,0.06,0.05,0.03,0.46,1.03,0.0,0.01
7014001,달걀말이,69.44,-32.9,-56.67,Q1,2024-12-25 15:20:13,-1.54,-3.69,-3.96,-16.33,-55.7,-66.09,-0.52,-0.46
6012004,떡갈비,189.11,-1.79,-5.46,Q1,2024-12-25 15:22:44,-0.19,-0.37,-0.31,-0.19,-2.95,-6.56,-0.02,-0.06
6012004,떡갈비,155.33,67.83,207.01,Q2,2024-12-25 16:35:10,7.22,13.99,11.69,7.1,111.72,248.44,0.88,2.35
7014001,달걀말이,65.31,88.13,151.8,Q2,2024-12-25 16:35:10,4.12,9.9,10.61,43.75,149.2,177.04,1.38,1.23
6012004,떡갈비,64.21,44.75,136.58,Q1,2024-12-25 16:49:08,4.76,9.23,7.71,4.69,73.71,163.91,0.58,1.55
7014001,달걀말이,166.43,170.01,292.83,Q3,2024-12-25 16:49:08,7.94,19.09,20.47,84.39,287.83,341.52,2.67,2.36
6012004,떡갈비,147.41,44.95,137.19,Q1,2024-12-25 16:57:53,4.78,9.27,7.75,4.71,74.03,164.64,0.59,1.56
7014001,달걀말이,69.91,6.54,11.26,Q1,2024-12-25 16:57:53,0.31,0.73,0.79,3.25,11.07,13.14,0.1,0.09
6012004,떡갈비,153.51,46.83,142.92,Q1,2024-12-25 17:40:30,4.98,9.66,8.07,4.9,77.13,171.53,0.61,1.62
7014001,달걀말이,127.29,6.67,11.49,Q1,2024-12-25 17:40:30,0.31,0.75,0.8,3.31,11.29,13.4,0.1,0.09
06012004,떡갈비,149.71,46.28,141.24,Q1,2024-12-25 17:59:25,4.93,9.55,7.98,4.85,76.23,169.51,0.6,1.6
07014001,달걀말이,63.1,0.53,0.91,Q1,2024-12-25 17:59:25,0.02,0.06,0.06,0.26,0.9,1.06,0.01,0.01
